id_applic,consent,priorit,physics_it_socre,math_score,russian_score,achivments_score,total_score
1,true,2,78,95,87,3,263
2,true,2,71,92,77,0,240
3,false,2,76,88,71,0,235
4,true,2,83,78,89,3,253
5,true,2,95,78,83,0,256
6,true,2,98,85,70,0,253
7,true,2,76,97,87,7,267
8,true,2,93,92,92,3,280
9,true,2,80,68,74,0,222
10,true,2,77,95,61,5,238
11,true,2,74,81,79,0,234
12,true,2,76,99,79,0,254
13,true,2,74,78,90,3,245
14,true,2,96,80,70,5,251
15,false,2,91,72,90,0,253
16,true,2,73,75,91,10,249
17,true,2,96,97,58,3,254
18,true,2,62,74,62,5,203
19,true,2,60,79,66,0,205
20,true,2,87,89,84,0,260
21,false,2,100,66,87,3,256
22,true,2,67,95,79,0,241
23,true,2,83,83,67,0,233
24,true,2,95,68,70,0,233
25,true,2,97,80,60,3,240
26,true,2,86,95,72,5,258
27,true,2,72,100,63,0,235
28,true,2,62,85,61,0,208
29,true,2,85,66,84,7,242
30,false,2,97,82,76,0,255
31,false,2,62,86,56,0,204
32,true,2,77,89,82,0,248
33,true,2,79,90,78,7,254
34,true,2,60,79,73,5,217
35,false,2,99,71,80,5,255
36,true,2,90,82,94,0,266
37,true,2,72,88,90,0,250
38,true,2,69,83,90,0,242
39,true,2,84,90,65,3,242
40,true,2,94,98,69,0,261
41,true,2,93,72,85,10,260
42,true,2,64,96,94,0,254
43,true,2,83,92,66,0,241
44,true,2,61,94,79,3,237
45,true,2,68,66,60,0,194
46,true,2,100,87,84,3,274
47,true,2,60,76,79,0,215
48,false,2,83,65,91,7,246
49,false,2,81,94,78,3,256
50,true,2,91,72,84,0,247
51,true,2,78,73,86,0,237
52,false,2,94,69,61,3,227
53,true,2,77,100,64,0,241
54,true,2,87,90,63,0,240
55,true,2,92,95,76,3,266
56,true,2,77,81,78,7,243
57,false,2,78,100,77,0,255
58,true,2,87,67,75,5,234
59,true,2,83,74,63,0,220
60,true,2,64,66,58,3,191
61,true,2,77,86,81,10,254
62,true,2,77,78,63,5,223
63,true,2,70,76,87,7,240
64,true,2,63,82,55,0,200
65,true,2,70,98,66,3,237
66,true,2,68,80,60,10,218
67,true,2,60,99,78,0,237
68,true,2,63,87,90,0,240
69,false,2,71,65,94,5,235
70,true,2,80,71,60,0,211
71,false,2,74,67,78,7,226
72,true,2,96,93,58,0,247
73,true,2,87,94,59,3,243
74,false,2,76,65,85,7,233
75,true,2,96,70,87,5,258
76,true,2,74,85,73,5,237
77,true,2,86,98,84,3,271
78,true,2,68,91,77,3,239
79,true,2,86,95,62,5,248
80,true,2,90,97,64,0,251
81,true,2,73,99,60,7,239
82,true,2,76,69,57,0,202
83,true,2,85,100,94,0,279
84,true,2,73,94,73,10,250
85,false,2,76,88,83,3,250
86,true,2,69,80,76,0,225
87,true,2,87,82,89,0,258
88,true,2,95,77,92,0,264
89,true,2,94,81,74,3,252
90,false,2,74,76,75,0,225
91,true,2,68,84,80,3,235
92,true,2,88,68,83,7,246
93,true,2,88,90,78,3,259
94,true,2,70,88,80,0,238
95,true,2,62,65,93,3,223
96,true,2,62,85,61,0,208
97,true,2,66,66,93,7,232
98,false,2,89,70,61,5,225
99,false,2,61,71,93,0,225
100,true,2,63,93,79,3,238
101,true,2,99,66,80,0,245
102,false,2,71,82,60,10,223
103,true,2,88,73,66,7,234
104,true,2,60,87,58,0,205
105,true,2,80,68,60,0,208
106,true,2,97,76,77,0,250
107,false,2,88,86,57,0,231
108,false,2,88,96,61,5,250
109,true,2,95,94,93,0,282
110,false,2,74,88,56,3,221
111,true,2,85,68,55,0,208
112,false,2,60,78,74,0,212
113,false,2,77,72,55,0,204
114,true,2,62,78,82,3,225
115,true,2,64,83,59,3,209
116,true,2,81,71,69,7,228
117,true,2,82,76,89,0,247
118,true,2,81,88,91,0,260
119,true,2,63,69,57,0,189
120,false,2,85,65,56,3,209
121,true,2,64,100,58,3,225
122,false,2,62,95,71,5,233
123,true,2,77,95,87,3,262
124,true,2,96,78,67,5,246
125,true,2,61,88,69,0,218
126,true,2,81,89,65,0,235
127,false,2,64,87,55,0,206
128,true,2,68,85,71,7,231
129,true,2,94,71,84,0,249
130,true,2,69,76,91,0,236
131,true,2,64,86,61,0,211
132,true,2,62,67,81,0,210
133,true,2,86,99,90,3,278
134,true,2,65,74,62,0,201
135,true,2,60,73,94,0,227
136,false,2,96,94,76,3,269
137,true,2,96,93,75,7,271
138,true,2,70,92,74,0,236
139,false,2,71,80,81,5,237
140,true,2,83,74,84,0,241
141,true,2,89,81,84,7,261
142,false,2,88,73,55,0,216
143,true,2,95,75,69,0,239
144,true,2,98,75,61,5,239
145,false,2,67,87,88,3,245
146,true,2,96,65,78,0,239
147,true,2,87,72,87,0,246
148,false,2,65,100,90,5,260
149,true,2,70,94,85,5,254
150,true,2,62,100,88,5,255
151,false,2,90,86,70,3,249
152,true,2,95,78,59,10,242
153,true,2,97,74,87,0,258
154,true,2,81,97,72,10,260
155,true,2,92,68,61,0,221
156,true,2,60,95,65,0,220
157,false,2,68,83,89,3,243
158,true,2,69,79,63,0,211
159,true,2,77,82,86,3,248
160,false,2,64,98,62,0,224
161,true,2,98,88,91,5,282
162,true,2,60,73,95,0,228
163,true,2,69,68,72,0,209
164,true,2,82,93,86,7,268
165,true,2,83,71,70,5,229
166,false,2,65,73,87,0,225
167,true,2,85,91,71,0,247
168,false,2,98,68,77,0,243
169,true,2,82,94,84,0,260
170,true,2,68,99,69,5,241
171,false,2,65,75,93,0,233
172,true,2,79,69,85,0,233
173,false,2,93,75,92,0,260
174,true,2,75,66,71,5,217
175,true,2,99,82,59,0,240
176,true,2,67,70,67,0,204
177,true,2,85,68,78,3,234
178,false,2,89,91,80,10,270
179,false,2,74,67,79,5,225
180,true,2,92,70,91,5,258
181,true,2,97,68,74,0,239
182,true,2,62,81,74,0,217
183,true,2,98,77,74,5,254
184,true,2,60,91,77,0,228
185,true,2,72,75,84,0,231
186,false,2,67,73,82,0,222
187,false,2,86,81,68,3,238
188,true,2,80,86,90,0,256
189,true,2,100,97,87,7,291
190,true,2,99,96,93,0,288
191,true,2,100,91,64,0,255
192,true,2,96,70,93,3,262
193,false,2,81,77,90,5,253
194,true,2,71,83,84,7,245
195,true,2,75,88,89,0,252
196,true,2,75,77,57,0,209
197,true,2,91,88,88,0,267
198,true,2,89,82,78,5,254
199,true,2,81,82,86,5,254
200,true,2,81,82,95,7,265
201,false,2,83,80,82,3,248
202,true,2,84,82,80,7,253
203,false,2,64,97,79,0,240
204,true,2,71,73,60,0,204
205,false,2,96,99,55,0,250
206,true,2,65,84,87,5,241
207,false,2,69,90,93,0,252
208,true,2,79,89,80,5,253
209,true,2,89,80,55,7,231
210,true,2,97,80,78,10,265
211,true,2,78,89,62,0,229
212,true,2,97,81,89,0,267
213,true,2,67,75,81,0,223
214,true,2,63,84,68,0,215
215,true,2,66,94,69,10,239
216,true,2,94,66,56,3,219
217,true,2,82,96,88,7,273
218,true,2,83,72,60,5,220
219,true,2,80,100,72,0,252
220,true,2,87,82,66,7,242
221,true,2,77,94,71,5,247
222,true,2,67,96,58,0,221
223,true,2,93,75,56,0,224
224,true,2,88,74,69,0,231
225,true,2,80,92,80,0,252
226,true,2,77,65,62,7,211
227,false,2,82,67,95,5,249
228,true,2,61,99,59,7,226
229,true,2,62,98,57,0,217
230,true,2,64,76,63,0,203
231,true,2,87,77,62,0,226
232,true,2,85,72,68,3,228
233,true,2,70,70,86,7,233
234,true,2,99,77,79,0,255
235,true,2,71,98,80,7,256
236,true,2,100,76,91,7,274
237,true,2,83,87,63,10,243
238,true,2,69,78,70,0,217
239,true,2,99,93,69,0,261
240,true,2,78,76,55,0,209
241,true,2,74,79,77,0,230
242,true,2,82,70,87,10,249
243,true,2,95,70,58,10,233
244,false,2,98,76,79,0,253
245,true,2,72,97,65,0,234
246,true,2,69,96,62,0,227
247,true,2,95,100,69,3,267
248,false,2,91,76,60,3,230
249,true,2,94,92,71,7,264
250,true,2,80,95,67,0,242
251,false,2,73,74,68,10,225
252,true,2,92,74,65,0,231
253,false,2,69,83,71,0,223
254,false,2,71,74,95,0,240
255,false,2,84,90,58,0,232
256,false,2,83,86,68,3,240
257,true,2,90,80,95,7,272
258,true,2,63,72,89,0,224
259,true,2,66,96,72,5,239
260,true,2,95,85,69,7,256
261,true,2,69,100,75,0,244
262,true,2,71,79,79,0,229
263,true,2,74,83,80,3,240
264,true,2,64,88,79,0,231
265,true,2,83,95,57,0,235
266,true,2,64,76,95,0,235
267,false,2,64,82,59,3,208
268,true,2,87,86,76,0,249
269,true,2,84,70,91,3,248
270,false,2,95,85,83,0,263
271,true,2,60,68,85,5,218
272,true,2,70,75,82,3,230
273,true,2,68,96,61,5,230
274,true,2,72,84,59,3,218
275,true,2,85,92,94,0,271
276,true,2,62,94,80,3,239
277,false,2,70,78,59,0,207
278,true,2,98,79,60,10,247
279,true,2,61,93,79,0,233
280,true,2,99,98,89,0,286
281,false,2,100,87,70,7,264
282,true,2,67,84,67,3,221
283,false,2,79,89,76,0,244
284,true,2,74,86,66,0,226
285,true,2,64,72,92,0,228
286,true,2,84,87,86,0,257
287,true,2,90,94,73,0,257
288,true,2,95,73,81,0,249
289,true,2,91,99,82,0,272
290,true,2,65,93,74,0,232
291,true,2,62,87,82,0,231
292,true,2,75,66,81,0,222
293,true,2,62,95,67,3,227
294,false,2,87,82,91,3,263
295,true,2,67,93,60,7,227
296,true,2,96,87,63,3,249
297,true,2,83,78,58,3,222
298,true,2,82,76,78,0,236
299,true,2,73,94,81,0,248
300,true,2,99,70,75,0,244
301,true,2,81,100,91,3,275
302,false,2,87,83,81,0,251
303,true,2,74,81,73,0,228
304,true,2,99,69,74,0,242
305,false,2,75,80,93,5,253
306,true,2,97,81,72,0,250
307,true,2,76,82,81,0,239
308,true,2,69,100,65,0,234
309,true,2,68,97,81,3,249
310,false,2,94,78,91,3,266
311,false,2,75,82,61,0,218
312,true,2,63,93,63,3,222
313,false,2,90,95,57,0,242
314,true,2,72,98,77,0,247
315,true,2,81,91,78,0,250
316,true,2,75,73,57,0,205
317,true,2,84,92,74,7,257
318,true,2,63,79,91,5,238
319,true,2,68,87,61,5,221
320,true,2,85,94,76,7,262
321,true,2,81,90,67,3,241
322,false,2,95,95,55,7,252
323,true,2,99,70,91,0,260
324,true,2,79,88,90,0,257
325,true,2,74,90,79,0,243
326,true,2,83,99,90,0,272
327,true,2,86,76,67,0,229
328,true,2,75,73,57,0,205
329,true,2,86,76,71,0,233
330,true,2,88,84,69,5,246
331,true,2,61,90,89,0,240
332,true,2,96,85,64,7,252
333,false,2,65,68,64,3,200
334,true,2,64,93,73,0,230
335,true,2,73,67,74,5,219
336,true,2,83,79,89,7,258
337,true,2,77,100,94,0,271
338,true,2,70,93,76,0,239
339,true,2,74,74,94,0,242
340,true,2,96,86,80,10,272
341,true,2,61,65,69,0,195
342,true,2,64,94,83,5,246
343,true,2,83,92,84,7,266
344,true,2,90,92,64,3,249
345,true,2,63,85,70,0,218
346,true,2,65,78,58,7,208
347,false,2,95,79,92,5,271
348,true,2,61,75,70,0,206
349,true,2,68,73,57,3,201
350,false,2,89,66,60,5,220
351,true,2,63,73,73,7,216
352,true,2,94,91,71,0,256
353,true,2,100,71,85,3,259
354,false,2,66,81,81,3,231
355,true,2,63,76,71,0,210
356,true,2,88,79,89,0,256
357,true,2,92,74,76,7,249
358,false,2,98,74,75,0,247
359,true,2,85,86,79,5,255
360,true,2,69,81,87,7,244
361,true,2,96,77,83,5,261
362,false,2,68,76,61,0,205
363,true,2,89,72,88,10,259
364,true,2,86,87,90,5,268
365,false,2,89,68,59,7,223
366,false,2,62,96,73,5,236
367,true,2,66,74,77,3,220
368,true,2,71,81,77,3,232
369,true,2,66,72,86,0,224
370,true,2,76,96,79,0,251
371,true,2,61,76,65,0,202
372,true,2,84,74,62,0,220
373,true,2,84,81,92,5,262
374,true,2,94,77,55,5,231
375,false,2,79,83,73,0,235
376,true,2,92,66,74,5,237
377,false,2,77,86,55,0,218
378,true,2,99,65,78,3,245
379,true,2,99,87,59,5,250
380,false,2,76,93,86,3,258
381,true,2,100,90,82,3,275
382,true,2,74,85,81,0,240
383,true,2,80,96,85,5,266
384,true,2,69,87,91,0,247
385,false,2,94,90,77,0,261
386,false,2,83,73,56,3,215
387,true,2,78,74,92,0,244
388,true,2,62,91,68,0,221
389,true,2,87,90,69,0,246
390,true,2,71,74,81,5,231
391,true,2,87,76,57,0,220
392,true,2,92,81,94,0,267
393,true,2,72,86,61,0,219
394,true,2,62,99,57,0,218
395,true,2,64,79,65,5,213
396,true,2,71,74,61,5,211
397,true,2,67,83,87,5,242
398,false,2,86,92,89,3,270
399,true,2,66,84,55,5,210
400,true,2,95,85,71,3,254
401,true,2,60,84,63,0,207
402,true,2,88,97,86,3,274
403,false,2,80,85,88,5,258
404,true,2,85,90,73,5,253
405,true,2,87,72,93,5,257
406,false,2,99,76,62,0,237
407,true,2,64,74,66,0,204
408,true,2,78,69,57,0,204
409,false,2,78,78,62,5,223
410,true,2,90,72,60,7,229
411,true,2,99,91,92,3,285
412,true,2,70,98,61,3,232
413,true,2,63,100,56,0,219
414,true,2,70,91,56,5,222
415,true,2,70,87,67,3,227
416,true,2,66,90,67,0,223
417,true,2,77,85,66,0,228
418,true,2,60,80,90,7,237
419,true,2,99,75,81,0,255
420,true,2,88,68,58,0,214
421,false,2,87,75,84,7,253
422,true,2,73,76,90,7,246
423,true,2,73,89,68,5,235
424,false,2,81,70,87,3,241
425,true,2,71,99,80,0,250
426,true,2,79,92,90,10,271
427,true,2,69,69,67,3,208
428,true,2,98,77,69,0,244
429,true,2,82,97,69,7,255
430,false,2,90,69,88,0,247
431,true,2,90,66,80,0,236
432,false,2,100,67,82,5,254
433,true,2,100,75,55,7,237
434,true,2,75,71,72,5,223
435,true,2,88,94,93,10,285
436,true,2,82,97,62,10,251
437,true,2,94,99,70,3,266
438,false,2,61,96,66,10,233
439,false,2,84,74,80,0,238
440,true,2,84,90,89,5,268
441,true,2,66,87,91,0,244
442,false,2,92,84,94,3,273
443,true,2,80,75,76,0,231
444,true,2,100,92,95,0,287
445,true,2,97,84,63,7,251
446,true,2,90,82,95,0,267
447,true,2,79,92,92,0,263
448,true,2,61,90,86,3,240
449,true,2,91,94,74,0,259
450,true,2,77,83,80,0,240
451,true,2,67,97,74,0,238
452,true,2,100,94,88,0,282
453,true,2,66,99,89,10,264
454,true,2,76,99,56,0,231
455,false,2,92,75,95,5,267
456,false,2,67,85,65,5,222
457,true,2,68,75,80,10,233
458,true,2,95,90,73,3,261
459,true,2,77,99,66,3,245
460,false,2,74,98,61,0,233
461,true,2,62,100,67,0,229
462,true,2,75,99,90,3,267
463,false,2,95,81,61,0,237
464,true,2,69,80,55,7,211
465,true,2,63,88,55,0,206
466,false,2,85,87,79,0,251
467,false,2,61,87,68,7,223
468,true,2,66,89,73,3,231
469,false,2,94,77,83,3,257
470,true,2,88,83,82,3,256
471,true,2,67,95,56,3,221
472,true,2,67,67,56,3,193
473,false,2,63,88,62,0,213
474,false,2,68,84,71,3,226
475,false,2,77,90,85,3,255
476,false,2,83,100,80,0,263
477,false,2,68,89,64,0,221
478,true,2,68,92,85,0,245
479,true,2,71,76,66,0,213
480,true,2,100,80,68,3,251
481,false,2,91,66,71,0,228
482,true,2,78,84,89,3,254
483,true,2,87,79,93,0,259
484,true,2,74,79,89,0,242
485,true,2,78,70,63,0,211
486,true,2,98,71,65,0,234
487,false,2,71,90,63,7,231
488,true,2,75,69,85,7,236
489,true,2,70,94,86,0,250
490,true,2,99,99,70,0,268
491,true,2,80,85,90,0,255
492,false,2,82,84,65,0,231
493,true,2,67,71,80,10,228
494,true,2,65,88,94,0,247
495,true,2,100,68,88,0,256
496,true,2,88,70,71,0,229
497,true,2,100,79,78,0,257
498,false,2,93,84,83,5,265
499,true,2,89,83,62,0,234
500,false,2,76,94,67,0,237
501,true,2,81,78,57,0,216
502,true,2,72,66,69,0,207
503,true,2,72,70,59,0,201
504,true,2,62,76,82,3,223
505,true,2,64,76,90,0,230
506,false,2,72,99,85,0,256
507,true,2,80,92,66,3,241
508,false,2,79,72,83,0,234
509,false,2,74,78,75,0,227
510,false,2,66,97,58,3,224
511,true,2,90,87,82,0,259
512,true,2,65,89,86,5,245
513,true,2,97,89,65,5,256
514,true,2,74,69,74,0,217
515,true,2,100,81,79,5,265
516,true,2,99,86,58,3,246
517,true,2,67,66,57,0,190
518,true,2,74,86,85,3,248
519,true,2,70,79,76,0,225
520,true,2,78,91,88,7,264
521,true,2,77,83,79,5,244
522,false,2,99,98,74,5,276
523,true,2,83,94,92,0,269
524,true,2,81,88,86,3,258
525,false,2,93,98,63,5,259
526,true,2,69,68,66,0,203
527,true,2,98,94,89,3,284
528,true,2,79,69,63,3,214
529,true,2,89,93,60,0,242
530,false,2,76,98,74,7,255
531,false,2,87,82,68,0,237
532,true,2,93,98,80,0,271
533,true,2,61,78,95,0,234
534,true,2,67,92,89,5,253
535,false,2,65,96,89,0,250
536,false,2,99,65,56,3,223
537,true,2,88,75,61,0,224
538,false,2,95,85,64,7,251
539,false,2,83,78,69,0,230
540,true,2,94,85,87,5,271
541,true,2,80,94,55,0,229
542,true,2,67,66,62,3,198
543,true,2,75,70,55,10,210
544,true,2,68,95,74,3,240
545,true,2,87,72,70,0,229
546,false,2,94,98,75,5,272
547,false,2,78,72,57,0,207
548,true,2,89,84,68,0,241
549,true,2,91,86,88,0,265
550,true,2,65,73,83,0,221
551,true,2,75,90,91,0,256
552,true,2,100,68,55,0,223
553,true,2,83,92,60,3,238
554,false,2,81,80,60,7,228
555,true,2,91,80,92,3,266
556,true,2,84,72,61,0,217
557,true,2,92,67,63,7,229
558,true,2,61,76,84,7,228
559,false,2,86,91,79,0,256
560,false,2,93,83,66,0,242
561,false,2,86,81,59,0,226
562,true,2,100,94,75,7,276
563,true,2,76,84,81,0,241
564,true,2,72,72,57,3,204
565,true,2,73,73,86,0,232
566,false,2,87,91,68,0,246
567,true,2,100,71,71,0,242
568,true,2,97,72,88,0,257
569,true,2,96,78,56,0,230
570,true,2,85,91,86,0,262
571,true,2,71,65,91,0,227
572,true,2,92,82,94,0,268
573,true,2,67,85,77,7,236
574,true,2,89,86,89,0,264
575,false,2,72,94,72,0,238
576,true,2,67,100,90,5,262
577,true,2,72,82,57,0,211
578,true,2,64,97,88,3,252
579,true,2,82,95,83,10,270
580,true,2,85,79,68,0,232
581,true,2,66,65,71,0,202
582,true,2,67,65,94,7,233
583,true,2,86,97,95,10,288
584,true,2,68,73,80,0,221
585,true,2,64,67,71,3,205
586,true,2,99,79,60,0,238
587,true,2,68,93,84,0,245
588,true,2,63,69,56,5,193
589,true,2,96,82,61,0,239
590,true,2,64,80,90,0,234
591,true,2,100,84,61,7,252
592,true,2,89,82,89,0,260
593,false,2,69,100,85,5,259
594,true,2,71,91,68,0,230
595,true,2,69,96,74,0,239
596,true,2,86,78,66,0,230
597,true,2,72,68,57,0,197
598,true,2,73,71,79,0,223
599,true,2,88,99,80,3,270
600,true,2,62,74,57,3,196
601,true,2,86,80,80,5,251
602,true,2,86,88,67,10,251
603,true,2,89,65,76,0,230
604,true,2,91,68,61,0,220
605,true,2,89,65,56,0,210
606,true,2,88,77,57,0,222
607,true,2,84,78,89,3,254
608,true,2,84,95,59,0,238
609,true,2,80,66,71,7,224
610,true,2,67,82,81,10,240
611,true,2,64,75,90,0,229
612,false,2,75,81,74,0,230
613,true,2,79,74,69,0,222
614,true,2,83,73,66,0,222
615,false,2,81,65,64,0,210
616,false,2,69,82,60,10,221
617,false,2,77,66,92,0,235
618,true,2,84,95,66,3,248
619,true,2,100,76,81,0,257
620,true,2,86,73,85,0,244
621,true,2,61,84,90,10,245
622,true,2,82,82,77,3,244
623,true,2,68,89,57,0,214
624,false,2,94,72,75,3,244
625,false,2,94,75,82,7,258
626,true,2,94,83,93,7,277
627,true,2,92,100,82,3,277
628,true,2,63,94,79,7,243
629,true,2,89,82,74,0,245
630,false,2,95,79,83,10,267
631,true,2,62,72,91,0,225
632,true,2,87,73,60,0,220
633,true,2,85,98,67,3,253
634,true,2,80,73,67,10,230
635,false,2,87,82,87,0,256
636,true,2,70,67,87,0,224
637,true,2,80,98,81,0,259
638,true,2,64,65,65,10,204
639,true,2,60,96,64,0,220
640,true,2,60,78,68,0,206
641,true,2,75,98,79,5,257
642,true,2,75,90,84,3,252
643,true,2,93,65,88,3,249
644,true,2,76,70,62,0,208
645,true,2,65,66,92,0,223
646,true,2,68,74,70,3,215
647,true,2,94,94,92,7,287
648,true,2,62,94,94,0,250
649,false,2,94,86,74,10,264
650,true,2,90,100,82,10,282
651,false,2,61,67,58,7,193
652,true,2,74,97,72,0,243
653,true,2,88,71,70,0,229
654,true,2,65,70,75,3,213
655,true,2,81,88,71,3,243
656,true,2,61,84,64,0,209
657,true,2,83,65,59,0,207
658,true,2,86,82,81,0,249
659,true,2,97,81,73,7,258
660,true,2,88,90,82,0,260
661,true,2,68,68,90,0,226
662,true,2,94,66,63,7,230
663,true,2,74,74,63,3,214
664,true,2,69,83,55,10,217
665,true,2,82,67,88,3,240
666,true,2,68,81,75,0,224
667,true,2,72,87,95,0,254
668,true,2,89,79,77,0,245
669,true,2,66,75,94,10,245
670,true,2,81,73,90,0,244
671,true,2,100,91,59,0,250
672,true,2,96,85,77,0,258
673,true,2,62,90,62,0,214
674,true,2,76,79,58,0,213
675,true,2,95,70,63,0,228
676,true,2,65,70,56,5,196
677,false,2,68,76,67,3,214
678,true,2,82,92,59,0,233
679,true,2,83,81,89,0,253
680,true,2,74,92,75,10,251
681,false,2,84,81,74,5,244
682,true,2,69,84,66,10,229
683,false,2,79,79,95,0,253
684,true,2,65,71,94,0,230
685,true,2,73,96,95,10,274
686,false,2,75,74,71,0,220
687,true,2,86,70,86,3,245
688,true,2,68,85,61,5,219
689,true,2,88,76,80,10,254
690,true,2,82,91,79,7,259
691,false,2,77,74,63,10,224
692,false,2,94,93,81,0,268
693,false,2,78,82,94,0,254
694,true,2,63,75,92,3,233
695,true,2,66,67,81,5,219
696,true,2,69,95,74,0,238
697,true,2,79,82,68,0,229
698,true,2,69,89,90,7,255
699,true,2,87,86,95,5,273
700,true,2,82,87,65,0,234
701,true,2,77,66,80,5,228
702,true,2,66,70,62,3,201
703,true,2,95,77,89,0,261
704,true,2,87,80,55,0,222
705,true,2,92,83,87,5,267
706,true,2,77,98,88,3,266
707,true,2,85,66,80,0,231
708,true,2,66,87,61,10,224
709,true,2,79,75,78,0,232
710,true,2,75,70,66,7,218
711,false,2,79,90,58,3,230
712,true,2,75,92,55,0,222
713,true,2,63,97,79,10,249
714,true,2,66,68,67,3,204
715,true,2,65,68,60,5,198
716,true,2,79,65,68,7,219
717,true,2,66,72,70,5,213
718,true,2,89,71,92,5,257
719,false,2,100,67,61,5,233
720,false,2,99,74,77,10,260
721,true,2,66,97,71,3,237
722,false,2,81,94,88,7,270
723,true,2,73,72,59,10,214
724,true,2,70,86,88,5,249
725,false,2,93,75,90,3,261
726,true,2,90,98,55,0,243
727,true,2,89,68,69,0,226
728,true,2,95,92,56,3,246
729,true,2,68,95,64,7,234
730,true,2,90,89,71,0,250
731,true,2,81,77,86,5,249
732,true,2,66,91,90,7,254
733,true,2,60,83,90,3,236
734,true,2,89,88,77,7,261
735,true,2,76,65,65,3,209
736,true,2,85,73,68,10,236
737,false,2,97,72,80,0,249
738,true,2,82,89,90,5,266
739,true,2,84,95,56,5,240
740,true,2,87,87,59,3,236
741,true,2,65,88,64,0,217
742,true,2,69,91,74,0,234
743,false,2,72,65,68,0,205
744,true,2,70,98,71,0,239
745,true,2,94,72,94,7,267
746,true,2,78,83,89,3,253
747,true,2,66,65,74,5,210
748,true,2,80,69,55,7,211
749,true,2,64,71,78,0,213
750,true,2,78,100,79,0,257
751,true,2,81,79,94,0,254
752,true,2,80,70,55,0,205
753,false,2,86,82,86,0,254
754,false,2,97,96,87,5,285
755,true,2,90,72,75,0,237
756,false,2,94,72,63,5,234
757,true,2,66,96,76,0,238
758,true,2,66,96,87,0,249
759,false,2,62,89,95,5,251
760,true,2,74,94,65,5,238
761,false,2,87,83,73,5,248
762,true,2,87,88,72,5,252
763,true,2,64,67,77,0,208
764,true,2,92,78,58,0,228
765,true,2,94,81,85,10,270
766,true,2,73,95,58,0,226
767,false,2,61,79,88,5,233
768,true,2,79,83,59,3,224
769,true,2,84,94,66,0,244
770,true,2,85,86,71,3,245
771,false,2,71,74,83,3,231
772,true,2,86,67,83,0,236
773,false,2,73,93,79,0,245
774,false,2,73,78,76,5,232
775,true,2,86,90,85,3,264
776,true,2,93,73,68,0,234
777,true,2,63,95,93,0,251
778,true,2,93,66,71,7,237
779,true,2,74,90,92,0,256
780,true,2,76,88,70,0,234
781,true,2,69,98,93,0,260
782,true,2,98,70,75,7,250
783,true,2,80,81,55,0,216
784,true,2,88,85,81,0,254
785,true,2,81,94,86,0,261
786,true,2,61,69,92,0,222
787,false,2,71,81,64,0,216
788,true,2,73,73,84,0,230
789,true,2,90,76,64,0,230
790,true,2,91,94,78,0,263
791,true,2,87,96,61,0,244
792,true,2,94,75,94,0,263
793,true,2,96,100,80,3,279
794,true,2,87,76,61,10,234
795,true,2,61,76,66,7,210
796,false,2,66,100,55,10,231
797,true,2,77,76,80,0,233
798,true,2,61,92,89,7,249
799,true,2,65,66,68,0,199
800,true,2,60,67,76,7,210
801,true,2,71,77,68,0,216
802,false,2,84,81,72,3,240
803,true,2,96,93,65,0,254
804,false,2,60,80,90,3,233
805,true,2,80,67,80,0,227
806,true,2,99,87,94,5,285
807,true,2,74,71,93,5,243
808,false,2,91,94,65,0,250
809,true,2,67,75,91,5,238
810,true,2,96,68,74,5,243
811,true,2,88,92,81,0,261
812,true,2,70,75,84,3,232
813,true,2,91,78,92,0,261
814,true,2,88,88,56,5,237
815,true,2,79,99,82,5,265
816,true,2,86,96,78,5,265
817,false,2,60,67,89,3,219
818,true,2,62,75,93,0,230
819,true,2,75,88,74,3,240
820,true,2,62,99,91,3,255
821,true,2,72,75,77,0,224
822,true,2,82,75,70,0,227
823,true,2,82,88,76,7,253
824,true,2,78,79,76,0,233
825,false,2,85,67,69,3,224
826,true,2,73,100,73,3,249
827,true,2,70,80,67,0,217
828,false,2,87,75,92,0,254
829,true,2,96,66,77,5,244
830,true,2,68,79,62,5,214
831,true,2,70,82,60,7,219
832,false,2,85,86,93,0,264
833,false,2,67,73,58,0,198
834,true,2,64,90,67,0,221
835,true,2,70,88,72,0,230
836,true,2,77,76,93,3,249
837,true,2,99,93,76,10,278
838,true,2,85,73,66,0,224
839,true,2,83,71,85,0,239
840,true,2,90,92,72,0,254
841,true,2,85,97,95,0,277
842,true,2,99,74,56,0,229
843,true,2,60,79,56,3,198
844,true,2,80,99,72,7,258
845,true,2,66,77,65,0,208
846,true,2,60,86,77,0,223
847,true,2,97,73,61,3,234
848,true,2,88,68,88,0,244
849,true,2,89,73,71,3,236
850,true,2,69,81,63,10,223
851,true,2,100,80,71,5,256
852,false,2,97,99,62,0,258
853,true,2,94,65,74,0,233
854,true,2,84,96,95,5,280
855,false,2,70,78,70,3,221
856,true,2,66,92,77,0,235
857,true,2,81,68,65,0,214
858,true,2,77,83,82,0,242
859,false,2,93,97,77,3,270
860,true,2,80,99,65,3,247
861,true,2,85,95,63,5,248
862,true,2,85,97,72,0,254
863,false,2,79,75,78,7,239
864,true,2,65,85,78,5,233
865,true,2,71,100,65,0,236
866,true,2,71,71,89,0,231
867,true,2,79,90,65,0,234
868,true,2,76,77,92,7,252
869,true,2,70,70,65,0,205
870,true,2,96,83,91,0,270
871,false,2,86,65,93,0,244
872,true,2,68,93,57,0,218
873,true,2,97,86,58,0,241
874,true,2,78,69,85,3,235
875,true,2,64,79,94,0,237
876,true,2,83,79,70,5,237
877,true,2,70,76,63,0,209
878,true,2,74,70,92,0,236
879,true,2,61,67,81,7,216
880,true,2,80,96,57,0,233
881,false,2,90,91,58,10,249
882,true,2,73,90,73,5,241
883,true,2,60,87,55,3,205
884,true,2,77,76,67,0,220
885,true,2,74,92,64,3,233
886,false,2,67,77,81,0,225
887,true,2,65,81,73,10,229
888,false,2,84,77,61,0,222
889,true,2,72,83,62,0,217
890,true,2,83,89,88,0,260
891,true,2,73,67,82,5,227
892,false,2,62,76,94,5,237
893,true,2,80,69,85,7,241
894,false,2,61,100,83,10,254
895,true,2,99,96,94,3,292
896,true,2,70,76,57,0,203
897,true,2,77,84,72,0,233
898,true,2,82,79,72,0,233
899,true,2,84,77,87,3,251
900,true,2,82,65,65,7,219
901,true,2,84,88,69,5,246
902,true,2,62,100,91,0,253
903,true,2,87,77,88,5,257
904,true,2,98,65,55,0,218
905,false,2,80,86,95,0,261
906,true,2,85,76,60,5,226
907,true,2,97,66,57,5,225
908,true,2,87,69,71,0,227
909,true,2,78,91,61,0,230
910,true,2,77,98,71,0,246
911,false,2,94,89,60,5,248
912,false,2,76,87,81,7,251
913,false,2,74,73,79,0,226
914,true,2,79,69,78,7,233
915,false,2,98,88,88,3,277
916,true,2,90,74,83,7,254
917,true,2,93,72,55,0,220
918,false,2,84,94,90,0,268
919,false,2,87,88,81,0,256
920,true,2,88,79,70,0,237
921,true,2,73,97,70,0,240
922,true,2,61,93,68,5,227
923,true,2,68,72,90,0,230
924,true,2,96,91,85,3,275
925,true,2,88,66,87,3,244
926,true,2,92,86,68,5,251
927,true,2,90,67,79,5,241
928,true,2,70,78,74,3,225
929,false,2,85,97,85,0,267
930,true,2,100,85,56,0,241
931,false,2,63,72,84,0,219
932,true,2,94,92,59,7,252
933,true,2,86,93,56,0,235
934,true,2,85,68,59,5,217
935,true,2,72,65,85,7,229
936,false,2,99,76,87,0,262
937,true,2,91,99,65,0,255
938,true,2,74,85,68,0,227
939,true,2,87,65,89,5,246
940,true,2,85,81,65,3,234
941,true,2,94,78,92,3,267
942,false,2,80,70,70,0,220
943,true,2,78,66,62,0,206
944,true,2,61,91,83,10,245
945,true,2,81,69,94,5,249
946,true,2,76,65,78,10,229
947,true,2,95,82,69,7,253
948,true,2,63,82,70,3,218
949,true,2,94,69,84,0,247
950,true,2,100,65,79,0,244
951,true,2,81,79,62,7,229
952,true,2,84,68,61,3,216
953,true,2,65,74,87,0,226
954,false,2,67,93,57,0,217
955,true,2,100,74,81,0,255
956,true,2,61,68,68,3,200
957,true,2,64,98,95,0,257
958,true,2,98,98,65,7,268
959,false,2,93,83,74,0,250
960,true,2,69,66,84,3,222
961,true,2,71,86,91,3,251
962,true,2,64,82,60,0,206
963,true,2,84,72,93,7,256
964,true,2,85,95,80,0,260
965,true,2,61,98,63,0,222
966,true,2,71,68,95,10,244
967,false,2,77,81,72,0,230
968,true,2,71,89,95,3,258
969,true,2,60,98,86,0,244
970,false,2,79,83,64,0,226
971,true,2,98,78,81,0,257
972,true,2,89,74,69,0,232
973,false,2,96,100,72,0,268
974,true,2,99,68,70,0,237
975,true,2,78,65,63,0,206
976,true,2,82,84,57,0,223
977,true,2,92,92,71,5,260
978,false,2,77,93,78,3,251
979,true,2,92,90,72,3,257
980,true,2,75,93,86,3,257
981,false,2,69,90,81,10,250
982,false,2,62,79,82,0,223
983,true,2,78,98,81,3,260
984,false,2,91,84,91,10,276
985,true,2,63,76,63,10,212
986,true,2,71,98,79,0,248
987,true,2,84,73,55,0,212
988,true,2,97,94,91,0,282
989,false,2,99,87,79,10,275
990,true,2,98,74,92,5,269
991,true,2,80,80,68,5,233
992,true,2,92,90,90,0,272
993,true,2,87,76,78,0,241
994,false,2,71,81,88,0,240
995,true,2,75,81,93,0,249
996,false,2,98,98,67,0,263
997,true,2,61,90,55,0,206
998,true,2,89,84,58,7,238
999,false,2,74,69,74,7,224
1000,true,2,79,69,68,0,216
1001,false,2,69,96,75,7,247
1002,true,2,62,95,63,3,223
1003,true,2,79,85,79,0,243
1004,false,2,60,73,73,0,206
1005,true,2,93,74,58,0,225
1006,false,2,96,79,56,7,238
1007,true,2,66,92,93,3,254
1008,false,2,96,90,63,7,256
1009,true,2,83,99,57,0,239
1010,true,2,90,65,60,3,218
1011,true,2,99,65,83,0,247
1012,true,2,96,98,82,0,276
1013,false,2,79,83,55,0,217
1014,true,2,67,96,71,5,239
1015,true,2,90,69,67,3,229
1016,true,2,60,90,61,0,211
1017,false,2,64,77,65,0,206
1018,true,2,86,68,69,0,223
1019,false,2,69,76,57,3,205
1020,true,2,72,69,92,3,236
1021,true,2,72,94,57,0,223
1022,true,2,77,83,74,5,239
1023,true,2,91,65,72,0,228
1024,true,2,68,99,81,5,253
1025,true,2,90,69,55,0,214
1026,false,2,100,69,85,0,254
1027,true,2,65,100,77,0,242
1028,true,2,97,75,89,0,261
1029,false,2,76,89,67,0,232
1030,true,2,92,100,77,0,269
1031,true,2,80,70,61,7,218
1032,true,2,85,82,94,3,264
1033,false,2,63,72,80,3,218
1034,true,2,78,65,58,0,201
1035,true,2,80,65,74,7,226
1036,true,2,75,82,56,3,216
1037,true,2,71,99,64,0,234
1038,true,2,84,78,92,0,254
1039,false,2,92,67,70,0,229
1040,true,2,77,100,80,3,260
1041,true,2,94,66,83,3,246
1042,true,2,98,85,65,3,251
1043,true,2,87,89,73,5,254
1044,true,2,81,78,70,5,234
1045,true,2,98,68,67,10,243
1046,true,2,92,66,87,7,252
1047,false,2,62,92,86,3,243
1048,true,2,62,100,85,3,250
1049,false,2,99,72,93,0,264
1050,true,2,65,83,69,0,217
1051,true,2,84,74,79,0,237
1052,true,2,81,82,90,3,256
1053,true,2,71,90,70,3,234
1054,true,2,78,90,57,10,235
1055,true,2,61,75,64,0,200
1056,true,2,90,95,55,0,240
1057,false,2,90,82,73,5,250
1058,false,2,68,68,89,7,232
1059,true,2,64,70,83,0,217
1060,false,2,96,86,70,0,252
1061,true,2,86,96,79,0,261
1062,true,2,96,80,75,0,251
1063,true,2,68,79,55,5,207
1064,true,2,61,99,74,0,234
1065,true,2,60,100,83,0,243
1066,true,2,81,90,58,7,236
1067,true,2,85,80,57,0,222
1068,true,2,62,65,78,0,205
1069,true,2,87,70,95,0,252
1070,true,2,67,99,92,0,258
1071,true,2,67,67,92,10,236
1072,true,2,61,80,95,0,236
1073,true,2,70,81,76,3,230
1074,true,2,96,94,78,0,268
1075,true,2,96,79,62,3,240
1076,true,2,63,90,57,3,213
1077,false,2,89,67,63,0,219
1078,true,2,80,96,73,0,249
1079,true,2,80,73,57,0,210
1080,true,2,81,83,73,0,237
1081,true,2,100,100,56,3,259
1082,true,2,100,89,77,0,266
1083,true,2,85,83,76,10,254
1084,true,2,83,75,93,0,251
1085,true,2,80,96,58,3,237
1086,false,2,66,80,81,5,232
1087,true,2,87,84,89,0,260
1088,false,2,69,93,95,5,262
1089,true,2,68,90,56,0,214
1090,true,2,92,69,78,0,239
1091,true,2,64,77,55,0,196
1092,true,2,91,70,82,5,248
1093,true,2,93,68,77,0,238
1094,true,2,76,73,66,0,215
1095,true,2,88,85,74,3,250
1096,true,2,83,89,71,0,243
1097,true,2,97,85,84,0,266
1098,false,2,65,72,91,5,233
1099,false,2,87,99,80,10,276
1100,true,2,73,90,92,0,255
1101,true,2,75,72,90,0,237
1102,true,2,100,96,71,3,270
1103,true,2,83,100,55,3,241
1104,false,2,90,76,70,5,241
1105,true,2,76,70,89,0,235
1106,true,2,71,71,91,0,233
1107,false,2,75,92,86,0,253
1108,true,2,90,74,93,0,257
1109,true,2,85,78,91,0,254
1110,true,2,80,100,63,0,243
1111,true,2,84,90,84,3,261
1112,false,2,70,76,71,0,217
1113,true,2,94,75,69,7,245
1114,true,2,75,67,63,3,208
1115,true,2,60,71,71,0,202
1116,true,2,93,79,66,0,238
1117,true,2,64,84,86,3,237
1118,false,2,81,65,85,5,236
1119,true,2,81,86,72,0,239
1120,true,2,87,93,75,3,258
1121,true,2,95,69,67,10,241
1122,true,2,78,65,80,10,233
1123,true,2,87,74,66,10,237
1124,true,2,91,74,63,0,228
1125,true,2,86,78,59,7,230
1126,true,2,85,67,80,7,239
1127,true,2,60,66,83,0,209
1128,true,2,62,80,79,0,221
1129,true,2,68,97,74,3,242
1130,true,2,90,67,95,5,257
1131,true,2,91,68,63,0,222
1132,true,2,83,92,85,3,263
1133,true,2,83,91,63,3,240
1134,true,2,60,92,65,5,222
1135,true,2,92,90,67,3,252
1136,true,2,86,90,71,5,252
1137,true,2,80,93,72,3,248
1138,false,2,93,78,61,7,239
1139,false,2,94,96,91,5,286
1140,true,2,98,69,71,7,245
1141,false,2,99,67,92,7,265
1142,true,2,98,65,73,5,241
1143,true,2,87,74,81,0,242
1144,true,2,76,79,92,7,254
1145,false,2,95,71,65,3,234
1146,true,2,66,99,59,0,224
1147,true,2,76,86,69,0,231
1148,false,2,87,76,83,5,251
1149,false,2,72,75,63,5,215
1150,false,2,79,84,86,0,249
1151,true,2,85,75,76,5,241
1152,true,2,92,96,59,5,252
1153,true,2,88,73,68,3,232
1154,false,2,81,95,58,3,237
1155,true,2,84,83,59,3,229
1156,true,2,76,69,67,3,215
1157,false,2,96,84,84,3,267
1158,true,2,61,82,80,5,228
1159,true,2,99,92,83,0,274
1160,true,2,94,89,67,0,250
1161,true,2,72,93,64,0,229
1162,true,2,96,99,58,7,260
1163,true,2,68,89,80,0,237
1164,true,2,88,87,75,3,253
1165,true,2,91,82,76,3,252
1166,true,2,80,90,75,5,250
1167,true,2,66,96,77,10,249
1168,true,2,77,95,82,0,254
1169,false,2,81,98,83,3,265
1170,true,2,78,98,63,3,242
1171,true,2,82,91,79,0,252
1172,true,2,79,76,71,0,226
1173,false,2,60,95,73,0,228
1174,true,2,93,77,67,0,237
1175,false,2,92,92,56,5,245
1176,false,2,64,95,57,0,216
1177,true,2,62,91,67,7,227
1178,true,2,73,82,64,3,222
1179,true,2,81,76,57,5,219
1180,true,2,61,99,69,10,239
1181,true,2,73,82,59,0,214
1182,true,2,64,92,95,5,256
1183,true,2,91,96,91,0,278
1184,true,2,77,74,90,0,241
1185,false,2,60,82,88,0,230
1186,true,2,82,94,68,5,249
1187,true,2,92,96,74,10,272
1188,true,2,100,85,86,3,274
1189,true,2,81,81,56,3,221
1190,true,2,68,100,57,3,228
1191,true,2,76,75,94,0,245
1192,true,2,65,67,69,0,201
1193,false,2,93,73,76,0,242
1194,true,2,72,66,84,5,227
1195,true,2,96,79,61,5,241
1196,true,2,94,95,73,0,262
1197,false,2,79,88,62,0,229
1198,true,2,70,82,88,0,240
1199,true,2,80,73,93,5,251
1200,true,2,77,90,87,0,254
1201,true,2,70,80,69,10,229
1202,true,2,84,88,90,5,267
1203,true,2,86,75,84,5,250
1204,true,2,66,98,68,5,237
1205,true,2,85,65,79,0,229
1206,true,2,65,70,78,10,223
1207,true,2,94,70,84,3,251
1208,true,2,83,74,79,5,241
1209,true,2,95,91,94,3,283
1210,true,2,75,91,64,0,230
1211,true,2,67,79,85,0,231
1212,true,2,70,66,64,0,200
1213,true,2,87,68,57,0,212
1214,true,2,100,99,95,0,294
1215,true,2,89,100,72,10,271
1216,true,2,100,81,59,5,245
1217,true,2,72,85,75,3,235
1218,false,2,99,99,89,3,290
1219,true,2,92,78,84,0,254
1220,true,2,98,85,86,0,269
1221,true,2,98,88,87,5,278
1222,true,2,95,75,80,0,250
1223,true,2,86,97,83,0,266
1224,true,2,90,74,56,0,220
1225,true,2,71,90,61,0,222
1226,true,2,81,66,95,5,247
1227,true,2,69,99,61,7,236
1228,true,2,84,99,88,5,276
1229,true,2,68,71,87,5,231
1230,true,2,85,96,55,0,236
1231,true,2,63,67,62,0,192
1232,true,2,97,95,64,3,259
1233,true,2,77,79,69,7,232
1234,false,2,98,92,74,7,271
1235,true,2,62,80,75,0,217
1236,true,2,86,97,94,7,284
1237,true,2,81,79,67,0,227
1238,true,2,75,96,83,5,259
1239,true,2,80,78,61,0,219
1240,true,2,62,85,83,0,230
1241,false,2,99,98,85,3,285
1242,true,2,77,79,88,5,249
1243,true,2,83,67,74,10,234
1244,false,2,79,71,59,0,209
1245,false,2,69,68,61,7,205
1246,false,2,72,85,58,0,215
1247,false,2,100,72,75,5,252
1248,true,2,64,99,93,5,261
1249,true,2,99,93,83,0,275
1250,false,2,100,74,69,10,253
1251,true,2,87,82,77,3,249
1252,true,2,78,95,91,0,264
1253,false,2,87,79,82,10,258
1254,true,2,73,69,82,7,231
1255,true,2,91,95,68,3,257
1256,true,2,97,72,77,7,253
1257,true,2,69,75,93,3,240
1258,true,2,95,97,80,5,277
1259,true,2,96,67,63,5,231
1260,true,2,70,88,74,10,242
1511,false,2,65,76,74,0,215
1512,true,2,95,88,59,0,242
1513,true,2,97,99,70,0,266
1514,true,2,79,94,68,0,241
1515,true,2,84,95,71,0,250
1516,false,2,78,87,89,3,257
1517,true,2,99,96,72,0,267
1518,false,2,60,65,76,7,208
1519,true,2,66,69,87,0,222
1520,true,2,74,83,61,5,223
1521,true,2,84,82,85,3,254
1522,false,2,73,81,90,3,247
1523,true,2,68,83,56,3,210
1524,true,2,85,73,89,0,247
1525,true,2,61,80,67,5,213
1526,true,2,96,87,56,5,244
1527,true,2,95,76,62,7,240
1528,true,2,67,93,84,3,247
1529,true,2,87,91,81,10,269
1530,false,2,75,85,80,0,240
1531,true,2,68,67,63,0,198
1532,true,2,99,79,72,3,253
1533,false,2,87,78,83,3,251
1534,true,2,99,96,77,5,277
1535,true,2,64,93,94,0,251
1536,true,2,67,82,80,0,229
1537,true,2,75,75,68,5,223
1538,true,2,85,94,74,7,260
1539,true,2,84,84,63,5,236
1540,true,2,91,89,70,5,255
1541,true,2,97,69,91,5,262
1542,true,2,100,89,94,0,283
1543,true,2,71,75,95,0,241
1544,true,2,79,81,60,3,223
1545,true,2,60,100,75,10,245
1546,false,2,64,86,76,5,231
1547,true,2,76,82,73,7,238
1548,true,2,94,74,66,7,241
1549,false,2,90,65,74,5,234
1550,true,2,83,69,71,0,223
1551,false,2,90,70,78,0,238
1552,true,2,65,74,77,0,216
1553,false,2,93,94,88,0,275
1554,true,2,68,78,59,7,212
1555,true,2,80,65,92,0,237
1556,true,2,66,92,82,3,243
1557,true,2,92,98,78,0,268
1558,true,2,75,99,85,0,259
1559,true,2,65,70,75,7,217
1560,true,2,94,92,85,0,271
1561,true,2,95,65,86,0,246
1562,true,2,85,67,94,3,249
1563,false,2,81,84,63,5,233
1564,true,2,60,91,90,0,241
1565,true,2,64,77,70,0,211
1566,true,2,85,77,55,0,217
1567,true,2,92,68,66,0,226
1568,true,2,80,86,56,7,229
1569,true,2,66,83,61,0,210
1570,true,2,90,90,81,0,261
1571,true,2,97,81,75,3,256
1572,true,2,75,90,82,0,247
1573,true,2,68,74,63,7,212
1574,true,2,74,67,75,7,223
1575,true,2,63,76,66,0,205
1576,false,2,99,66,61,5,231
1577,true,2,76,72,68,3,219
1578,true,2,74,71,67,3,215
1579,true,2,67,98,79,5,249
1580,true,2,86,81,76,3,246
1581,true,2,71,78,74,3,226
1582,true,2,88,84,94,0,266
1583,true,2,92,81,92,0,265
1584,true,2,97,76,58,10,241
1585,false,2,90,94,95,3,282
1586,true,2,96,80,72,3,251
1587,true,2,90,76,94,5,265
1588,false,2,71,70,76,10,227
1589,true,2,81,90,78,3,252
1590,true,2,70,96,79,0,245
1591,true,2,99,97,58,7,261
1592,true,2,90,71,72,5,238
1593,true,2,97,80,80,3,260
1594,true,2,85,93,72,0,250
1595,true,2,73,79,76,3,231
1596,true,2,100,91,63,7,261
1597,false,2,69,86,70,0,225
1598,true,2,97,89,86,0,272
1599,false,2,70,95,60,3,228
1600,true,2,100,91,67,3,261
1601,true,2,78,82,68,0,228
1602,true,2,96,92,70,0,258
1603,true,2,69,90,89,0,248
1604,true,2,98,80,94,5,277
1605,true,2,66,69,81,0,216
1606,true,2,66,97,60,0,223
1607,true,2,65,77,84,0,226
1608,true,2,68,78,85,0,231
1609,true,2,66,75,55,0,196
1610,true,2,61,95,90,3,249
1611,false,2,73,82,91,0,246
1612,true,2,72,83,80,3,238
1613,true,2,71,93,80,0,244
1614,false,2,100,74,92,0,266
1615,false,2,85,83,77,0,245
1616,true,2,68,71,84,5,228
1617,true,2,73,84,55,0,212
1618,true,2,67,97,60,0,224
1619,true,2,96,89,73,0,258
1620,true,2,86,93,56,3,238
1621,true,2,74,78,76,3,231
1622,true,2,70,89,61,0,220
1623,true,2,85,66,62,5,218
1624,true,2,62,82,92,5,241
1625,true,2,77,79,69,10,235
1626,true,2,73,91,85,10,259
1627,true,2,62,71,73,5,211
1628,false,2,63,81,60,10,214
1629,false,2,73,96,93,0,262
1630,false,2,66,99,60,0,225
1631,true,2,63,70,56,5,194
1632,false,2,69,75,57,3,204
1633,true,2,67,91,81,0,239
1634,true,2,99,67,59,3,228
1635,false,2,72,74,62,0,208
1636,true,2,95,86,74,0,255
1637,true,2,80,68,68,0,216
1638,false,2,66,95,91,0,252
1639,true,2,94,71,68,0,233
1640,true,2,65,95,61,5,226
1641,false,2,97,73,61,3,234
1642,true,2,79,66,63,7,215
1643,true,2,93,65,65,3,226
1644,true,2,67,83,60,0,210
1645,false,2,68,84,75,7,234
1646,true,2,73,69,93,10,245
1647,false,2,91,97,78,0,266
1648,true,2,64,77,93,0,234
1649,true,2,100,70,57,0,227
1650,false,2,67,72,79,5,223
1651,true,2,69,75,70,0,214
1652,true,2,75,68,59,0,202
1653,true,2,86,86,58,3,233
1654,true,2,64,76,79,0,219
1655,true,2,70,87,76,10,243
1656,true,2,64,96,74,0,234
1657,true,2,64,83,86,7,240
1658,true,2,99,99,93,0,291
1659,true,2,84,87,82,3,256
1660,true,2,61,79,58,0,198
1661,true,2,88,86,82,0,256
1662,true,2,83,90,68,0,241
1663,true,2,88,74,66,3,231
1664,true,2,85,74,79,0,238
1665,false,2,61,90,78,0,229
1666,false,2,62,95,56,0,213
1667,false,2,74,82,62,0,218
1668,true,2,71,97,81,0,249
1669,true,2,66,97,83,7,253
1670,true,2,94,91,81,3,269
1671,true,2,68,71,86,3,228
1672,true,2,72,91,65,3,231
1673,true,2,68,87,65,0,220
1674,true,2,95,76,66,0,237
1675,true,2,80,82,85,7,254
1676,true,2,97,87,93,3,280
1677,true,2,62,82,60,5,209
1678,false,2,67,93,93,0,253
1679,true,2,75,71,62,0,208
1680,false,2,80,85,67,10,242
1681,false,2,93,74,65,3,235
1682,true,2,78,65,82,0,225
1683,true,2,95,88,86,10,279
1684,false,2,75,94,88,0,257
1685,true,2,61,66,59,7,193
1686,true,2,75,83,76,0,234
1687,true,2,66,73,87,7,233
1688,true,2,86,95,90,5,276
1689,true,2,62,73,90,0,225
1690,true,2,74,100,94,0,268
1691,false,2,95,87,86,3,271
1692,true,2,95,79,84,3,261
1693,true,2,74,74,61,5,214
1694,true,2,75,93,71,5,244
1695,false,2,81,65,75,3,224
1696,true,2,97,96,78,3,274
1697,false,2,77,66,89,0,232
1698,true,2,98,65,81,10,254
1699,true,2,82,68,74,7,231
1700,true,2,60,99,82,0,241
1701,true,2,86,89,76,0,251
1702,true,2,88,82,78,7,255
1703,false,2,88,85,64,0,237
1704,false,2,64,91,90,0,245
1705,true,2,82,68,63,0,213
1706,true,2,90,82,67,5,244
1707,true,2,99,75,95,5,274
1708,true,2,91,84,84,7,266
1709,true,2,78,65,89,3,235
1710,true,2,71,74,71,0,216
1861,true,2,65,67,72,0,204
1862,false,2,81,72,76,0,229
1863,true,2,94,71,75,0,240
1864,true,2,71,66,79,5,221
1865,true,2,70,89,55,0,214
1866,true,2,73,68,70,0,211
1867,false,2,78,86,93,0,257
1868,false,2,100,70,75,3,248
1869,true,2,74,98,79,0,251
1870,false,2,87,73,93,0,253
1871,true,2,70,70,83,0,223
1872,true,2,68,75,93,5,241
1873,true,2,89,70,81,3,243
1874,false,2,75,72,77,3,227
1875,false,2,73,89,93,0,255
1876,false,2,74,65,80,10,229
1877,true,2,67,67,68,5,207
1878,false,2,79,97,57,3,236
1879,true,2,71,87,55,0,213
1880,true,2,96,68,61,0,225
1881,true,2,74,88,94,0,256
1882,true,2,63,68,55,3,189
1883,true,2,66,86,82,0,234
1884,true,2,77,86,79,5,247
1885,true,2,98,88,77,0,263
1886,true,2,60,74,69,0,203
1887,true,2,74,78,63,0,215
1888,true,2,94,94,84,5,277
1889,false,2,88,89,73,5,255
1890,false,2,67,93,55,3,218
1891,true,2,99,87,67,3,256
1892,true,2,91,70,83,0,244
1893,true,2,63,92,76,0,231
1894,true,2,68,91,59,0,218
1895,true,2,80,100,60,0,240
1896,true,2,63,69,94,0,226
1897,true,2,90,72,80,3,245
1898,true,2,84,93,56,3,236
1899,true,2,81,92,68,0,241
1900,true,2,94,96,62,0,252
1901,true,2,100,73,79,3,255
1902,true,2,86,97,78,0,261
1903,true,2,69,70,73,3,215
1904,true,2,75,67,56,0,198
1905,true,2,94,80,91,3,268
1906,true,2,73,80,59,0,212
1907,true,2,84,97,79,3,263
1908,true,2,76,95,89,0,260
1909,true,2,86,77,86,0,249
1910,true,2,93,86,68,0,247
1911,true,2,84,82,56,5,227
1912,true,2,78,92,80,0,250
1913,true,2,64,79,78,5,226
1914,false,2,82,82,75,0,239
1915,true,2,83,80,86,3,252
1916,true,2,90,89,94,10,283
1917,true,2,78,93,87,3,261
1918,false,2,78,82,91,5,256
1919,true,2,86,66,74,3,229
1920,true,2,68,91,92,10,261
1921,true,2,81,89,89,7,266
1922,false,2,68,68,81,5,222
1923,true,2,98,96,66,7,267
1924,true,2,88,66,94,3,251
1925,true,2,64,82,63,0,209
1926,true,2,60,92,78,0,230
1927,false,2,89,83,86,3,261
1928,true,2,82,65,73,10,230
1929,true,2,83,94,63,0,240
1930,true,2,61,68,84,0,213
1931,true,2,65,98,63,0,226
1932,true,2,72,74,70,0,216
1933,true,2,96,74,58,3,231
1934,true,2,91,69,80,0,240
1935,true,2,72,65,80,0,217
1936,true,2,87,73,88,0,248
1937,false,2,61,73,64,5,203
1938,true,2,92,98,73,7,270
1939,true,2,73,81,89,0,243
1940,false,2,96,92,83,0,271
1941,true,2,94,97,65,3,259
1942,true,2,84,70,68,0,222
1943,false,2,78,81,93,7,259
1944,false,2,95,73,56,10,234
1945,true,2,63,82,91,0,236
1946,true,2,83,81,94,5,263
1947,false,2,63,78,78,5,224
1948,true,2,66,65,59,7,197
1949,true,2,82,72,85,5,244
1950,true,2,63,68,89,0,220
1951,true,2,100,97,91,5,293
1952,true,2,100,83,71,0,254
1953,true,2,64,82,70,0,216
1954,false,2,64,97,76,3,240
1955,true,2,100,77,88,3,268
1956,true,2,79,78,85,0,242
1957,true,2,62,68,67,3,200
1958,true,2,80,90,88,0,258
1959,true,2,95,96,83,0,274
1960,true,2,89,67,64,5,225
1961,true,2,93,90,93,3,279
1962,true,2,66,78,85,0,229
1963,true,2,87,98,79,10,274
1964,true,2,65,92,62,3,222
1965,true,2,82,89,83,3,257
1966,true,2,70,77,67,0,214
1967,false,2,61,67,75,0,203
1968,true,2,72,78,78,0,228
1969,true,2,82,69,92,0,243
1970,false,2,83,74,89,0,246
1971,true,2,97,80,92,5,274
1972,true,2,84,83,65,0,232
1973,true,2,81,94,85,3,263
1974,true,2,77,86,89,7,259
1975,false,2,73,96,93,0,262
1976,true,2,69,77,55,5,206
1977,true,2,71,75,84,0,230
1978,true,2,76,100,69,0,245
1979,true,2,80,68,65,0,213
1980,true,2,66,84,82,10,242
1981,true,2,72,99,84,7,262
1982,true,2,60,95,63,3,221
1983,true,2,70,79,90,10,249
1984,true,2,67,95,84,0,246
1985,true,2,80,83,63,0,226
1986,true,2,72,97,79,0,248
1987,true,2,65,65,83,0,213
1988,true,2,69,74,72,0,215
1989,true,2,63,96,68,0,227
1990,false,2,66,93,85,5,249
1991,true,2,97,92,62,3,254
1992,true,2,99,89,78,0,266
1993,true,2,86,90,84,0,260
1994,true,2,75,89,88,0,252
1995,true,2,99,66,56,5,226
1996,true,2,84,83,63,3,233
1997,true,2,72,94,94,10,270
1998,true,2,64,70,92,5,231
1999,true,2,61,65,84,0,210
2000,true,2,63,80,81,5,229
2001,true,2,81,72,60,0,213
2002,false,2,85,67,59,5,216
2003,true,2,61,91,55,3,210
2004,true,2,96,87,90,5,278
2005,true,2,98,94,76,0,268
2006,true,2,80,78,69,0,227
2007,true,2,91,78,77,7,253
2008,true,2,96,71,73,0,240
2009,true,2,75,81,79,10,245
2010,true,2,84,91,95,7,277
2011,true,2,61,80,64,7,212
2012,true,2,86,96,63,0,245
2013,true,2,79,98,64,0,241
2014,true,2,68,75,86,0,229
2015,true,2,61,67,64,3,195
2016,true,2,84,70,74,5,233
2017,false,2,81,66,90,0,237
2018,true,2,85,96,62,10,253
2019,true,2,75,68,67,0,210
2020,false,2,98,78,79,5,260
2021,true,2,65,77,55,7,204
2022,true,2,63,67,92,3,225
2023,true,2,95,80,59,0,234
2024,true,2,94,65,74,10,243
2025,true,2,77,79,76,0,232
2026,true,2,63,76,94,3,236
2027,true,2,100,81,69,0,250
2028,false,2,85,80,81,0,246
2029,true,2,65,66,87,0,218
2030,false,2,64,92,88,0,244
2031,false,2,76,84,84,5,249
2032,false,2,64,87,69,10,230
2033,false,2,82,70,57,3,212
2034,false,2,99,80,55,0,234
2035,true,2,92,93,94,0,279
2036,true,2,67,100,92,5,264
2037,true,2,74,92,93,0,259
2038,true,2,66,87,56,0,209
2039,true,2,92,95,61,0,248
2040,true,2,94,73,88,5,260
2041,true,2,94,80,82,3,259
2042,true,2,65,87,56,5,213
2043,true,2,85,75,84,0,244
2044,false,2,87,92,82,0,261
2045,true,2,96,97,55,3,251
2046,true,2,85,90,60,10,245
2047,true,2,98,76,90,3,267
2048,true,2,78,65,84,3,230
2049,true,2,94,85,91,0,270
2050,true,2,89,95,85,0,269
2051,false,2,78,96,79,0,253
2052,true,2,94,100,78,0,272
2053,true,2,67,69,73,5,214
2054,true,2,90,89,76,3,258
2055,false,2,97,69,63,10,239
2056,true,2,65,90,77,3,235
2057,true,2,93,72,74,0,239
2058,true,2,60,88,57,5,210
2059,false,2,100,82,93,0,275
2060,false,2,82,100,86,3,271
2061,true,2,69,79,56,3,207
2062,true,2,81,71,64,3,219
2063,true,2,100,97,80,0,277
2064,false,2,98,66,80,0,244
2065,true,2,72,75,69,0,216
2066,true,2,95,72,95,0,262
2067,true,2,91,67,55,3,216
2068,true,2,71,73,71,7,222
2069,true,2,76,92,63,5,236
2070,true,2,90,88,70,7,255
2071,true,2,80,83,56,0,219
2072,true,2,79,70,72,0,221
2073,true,2,91,88,81,0,260
2074,true,2,73,99,86,0,258
2075,true,2,76,88,69,0,233
2076,true,2,95,89,82,10,276
2077,true,2,92,91,77,0,260
2078,true,2,72,82,87,5,246
2079,true,2,95,79,77,7,258
2080,true,2,73,91,86,0,250
2081,true,2,80,84,88,0,252
2082,true,2,83,94,85,3,265
2083,true,2,78,97,93,0,268
2084,false,2,95,91,94,0,280
2085,true,2,75,81,74,7,237
2086,true,2,62,86,89,0,237
2087,true,2,63,84,75,0,222
2088,true,2,77,76,89,0,242
2089,true,2,89,65,58,0,212
2090,true,2,62,77,91,3,233
2091,true,2,97,96,64,0,257
2092,false,2,60,87,95,0,242
2093,false,2,68,69,81,0,218
2094,true,2,62,72,77,3,214
2095,true,2,81,65,74,0,220
2096,true,2,79,100,61,0,240
2097,true,2,89,69,63,3,224
2098,false,2,91,79,69,3,242
2099,true,2,65,86,67,5,223
2100,true,2,69,71,62,0,202
2101,true,2,70,66,72,0,208
2102,false,2,69,94,71,3,237
2103,true,2,82,89,66,0,237
2104,true,2,74,88,86,3,251
2105,true,2,78,87,77,0,242
2106,true,2,98,92,57,5,252
2107,true,2,66,79,75,0,220
2108,true,2,82,84,77,0,243
2109,true,2,86,94,57,0,237
2110,true,2,89,71,81,0,241
